obf	name	package	failed_methods	deob_exists
client	Mudclient	client	72	0
k	World	client.world	29	1
ua	Surface	client.scene	28	1
ca	GameModel	client.scene	15	1
lb	Scene	client.scene	14	1
qa	Panel	client.ui	9	1
e	GameShell	client.shell	7	1
nb	DataStore	client.data	5	1
b	Packet	client.net	4	1
mb	Utility	client.util	4	1
sa	AudioChannel	client.audio	4	1
da	ClientStream	client.net	3	1
gb	ProxySocketFactory	client.net	3	1
ha	DisplayModeSetter	client.nativeapi	3	1
jb	DownloadWorker	client.net	3	1
ob	ArchiveReader	client.data	3	1
wb	MessageList	client.ui	3	1
aa	BZip	client.data	2	1
ba	SurfaceSprite	client.scene	2	1
d	CacheFile	client.data	2	1
o	ISAAC	client.net	2	1
q	Win32MouseCallback	client.nativeapi	2	1
ac	DecodeBuffer	client.util	1	1
c	LoaderThread	client.shell	1	1
cb	CacheUpdater	client.data	1	1
db	LinkedQueue	client.util	1	1
eb	AudioMixer	client.audio	1	1
f	RecordLoader	client.data	1	1
ga	CharTable	client.ui	1	1
h	TextEncoder	client.net	1	1
i	ErrorHandler	client.util	1	1
ia	SpriteScaler	client.scene	1	1
ib	StreamBase	client.net	1	1
m	SocketFactory	client.net	1	1
p	Timer	client.util	1	1
qb	GameFrame	client.shell	1	1
r	CachePath	client.data	1	1
s	FontBuilder	client.ui	1	1
t	EntityDef	client.data	1	1
v	ChatCipher	client.net	1	1
w	WorldEntity	client.world	1	1
a	JSBridge	client.util	0	1
ab	ArrayUtil	client.util	0	1
bb	FilterNode	client.audio	0	1
ea	SpriteDecoder	client.scene	0	1
fa	ClientIOException	client.util	0	1
fb	SurfaceImageProducer	client.scene	0	1
g	ListNode	client.util	0	1
hb	FilterStage	client.audio	0	1
j	RobotCursor	client.shell	0	1
ja	BitBuffer	client.net	0	1
ka	IntHolder	client.util	0	1
kb	InputState	client.shell	0	1
l	Globals	client.util	0	1
la	ClientRuntimeException	client.util	0	1
ma	AudioOutput	client.audio	0	1
n	FontWidths	client.data	0	1
na	StreamFactory	client.util	0	1
oa	NameHash	client.data	0	1
pa	ImageLoader	client.scene	0	1
pb	SourceLinePlayer	client.audio	0	1
ra	StreamMixer	client.audio	0	1
rb	DirectSoundPlayer	client.nativeapi	0	1
sb	SoundDecoder	client.audio	0	1
ta	GameCharacter	client.world	0	1
tb	Buffer	client.net	0	1
u	StringCodec	client.net	0	1
ub	NameTable	client.data	0	1
va	FilterChain	client.audio	0	1
vb	SampleBuffer	client.audio	0	1
wa	DirectDrawModes	client.nativeapi	0	1
